{
  "x": -70.620544,
  "y": 17.810012999999998,
  "z": 8.434970999999997,
  "roll": 64.997881,
  "pitch": -2.3847099999999983,
  "yaw": -64.990567
}